"QTWNPG","471"
"1A2NNR","434"
"HMIJFU","446"
"3VH2G6","308"
"KIP3V2","460"
"37EGNT","322"
"NOUXDK","472"
"YKVYUD","356"
"9PJQWV","464"
"CNARXS","427"
"ANHE22","301"
"XQR703","407"
"0TXM3A","455"
"G8VYFP","352"
"L5J4AG","358"
"3GTITG","461"
"2T6P9T","370"
"H7YF85","391"
"OO9I8V","311"
"ATIQYD","383"
"X9VSQ2","330"
"WZ4H3J","307"
"4F39UI","391"
"K25J6R","473"
"LFV91G","342"
"IA9XKF","463"
"WCN2W0","431"
"K5C5PH","354"
"IL1VSZ","383"
"V081NJ","379"
"X7BCJX","308"
"LOH3TV","363"
"5MEUEN","433"
"822FIX","363"
"ZK9E7C","490"
"Q4HZFR","471"
"YHFOZG","457"
"YRIYBU","427"
"CQYI9V","328"
"7VG9LV","443"
"72DOTZ","419"
"7QNQ06","371"
"A4OPRO","488"
"XRJQJ6","460"
"0I07EP","437"
"112DVZ","466"
"TVQVP4","383"
"XOO89M","364"
"E3SOIU","444"
"N14T9V","452"
"RF2340","362"
"AHO890","308"
"1QFEJC","417"
"60AU2U","493"
"ZQ3BGM","500"
"ID1CWV","384"
"R40LCX","407"
"30D36G","418"
"68P88P","342"
"7O79PS","424"
"L5V0MM","441"
"9FOD91","326"
"T4IUEN","361"
"F6OOH0","385"
"9J7IW2","461"
"KRFQQY","432"
"DKJOIJ","385"
"RQJE32","395"
"5VLJ0N","483"
"FDGXE1","451"
"Q0UY8C","407"
"USBT66","386"
"MI3SMB","479"
"7O671D","439"
"T4EUH2","437"
"PQC4FH","317"
"KIIKV8","435"
"WVILC7","437"
"7IRMNZ","376"
"JPEIBW","335"
"89APCN","393"
"AYPIHX","485"
"OFLH1Y","360"
"Q4KMCV","492"
"2SHJZ7","426"
"O184UX","462"
"GPO5XT","335"
"0LI02C","466"
"J266FO","371"
"7149MO","321"
"BLXD12","337"
"26USGH","383"
"PG58M3","323"
"A0IE96","370"
"GZ6PFX","437"
"HUJL8W","310"
"22EJJZ","303"
"SRRROL","418"
"AUYGX1","319"
"IQ9EIQ","314"
