"Mark Elliott","Mark","Elliott","pbkdf2:sha256:260000$uoBPGQSlWrA9QuNa$5d4f47d7ce87e77366c3cfc8a62f216f1a4b64546846a80e29e17d55c64789a7","Apt 6048, 4759 William Haven Apt. 194, ND 92929","jeremy94@gmail.com","32.67","1"
"Erica Miller","Erica","Miller","pbkdf2:sha256:260000$KTySNm5ZmCyZKjdy$284dd6d6e879d3337cd6f7a036ebe1c07cd105f6b25d672adb9aa16df91095c8","Apt 15781, 5938 Ramos Pike Suite 080, VA 52775","millerlori@yahoo.com","7.37","0"
"Daniel Turner","Daniel","Turner","pbkdf2:sha256:260000$3gV2qfWXgeZ2J7ri$06b121aa359b8e56a8637487e5b6eed8ca134158920f6e91b599e4d616a56cc5","Apt 3513, 28711 Golden Overpass, ME 72756","jennadickerson@yahoo.com","74.23","1"
"Victor Shaw","Victor","Shaw","pbkdf2:sha256:260000$NgzWwdPqh1765QP4$c81e94dfd4e514685ae2115646ce675c40d7e1dec8f21fc82a5cc004098cfe5b","Apt 583, 1965 Kelly Field Apt. 094, CA 12274","alexander25@hotmail.com","352.32","0"
"Daniel Mccall","Daniel","Mccall","pbkdf2:sha256:260000$yXt46IL5qUh5B8co$b772dead2d5a8a554044c4a4a90e83c8641ed1a0f5372ebe6ccf129824bbe1d1","Apt 18684, 96947 Keller Squares, WY 47341","tatealexis@hotmail.com","100.40","0"
"Jennifer Castro","Jennifer","Castro","pbkdf2:sha256:260000$eKmlQSOSKNIcBjOs$02b86ffc49b6f256b2a04c2301302664b9be5895ca7ee4c19f583ab9fc5871ab","Apt 179, 30413 Norton Isle Suite 012, UT 29176","brandongutierrez@gmail.com","360.38","1"
"Karen Vargas","Karen","Vargas","pbkdf2:sha256:260000$vCHKKIJ57ZzbCvC2$59cce4140ff3dded0f18b55b812b48925f2af1a21bac7f40b0cc7d7c3ad7f654","Apt 13991, 51090 Susan Ferry Apt. 730, AK 71835","warrenannette@yahoo.com","163.95","1"
"Ryan Scott","Ryan","Scott","pbkdf2:sha256:260000$pUx1L0cCk5Ld6sRi$f33f75c6e3359ce44d2146d6461fbc669cd512da4b756e0d671e85134fe1ad8e","Apt 1314, 2087 Candace Squares Suite 345, VA 62133","carolhanson@gmail.com","88.68","0"
"Alicia Medina","Alicia","Medina","pbkdf2:sha256:260000$gy8GAxqhjU0KlrBO$9f029f248489ea8c49b3167eb6e59cc040bb7e0556c6d3cba08a022982146af0","Apt 22584, 720 Maldonado Port, NY 41322","james26@gmail.com","245.86","0"
"Virginia Clark","Virginia","Clark","pbkdf2:sha256:260000$2BBb7b2MXq2rTkn4$3aa34046580b86e7a2b7e48c471dfb53fbfb8aa75f632b9cda124feeb22e9d50","Apt 428, 1508 Taylor Track, MI 80472","dianatorres@yahoo.com","104.50","0"
"Kelly Coleman DDS","Kelly","Coleman","pbkdf2:sha256:260000$jEIS98TPAP93rP8L$fb1cb2485d00c261c03e0d0b5077bd3415059c43bd58628eaecd11a0ff11593f","Apt 924, 610 Holly Estate Apt. 376, TX 74969","luke15@gmail.com","193.50","0"
"Michelle Thomas DVM","Michelle","Thomas","pbkdf2:sha256:260000$LfsTwvRWjw3Y0xsx$28e44a523c06897f5f8851980e6e28b92404a87eea4d5c53506712ea73843a3a","Apt 9602, 42787 Nicole Park Suite 470, MT 25142","qray@hotmail.com","30.44","1"
"Dennis Mann","Dennis","Mann","pbkdf2:sha256:260000$k8Q8ORjHiR1U5H3S$cffdfdcb0f93f991a28bce7f204e232ac34717924311a2b7a90074fb6c78ea96","Apt 66503, 089 James Rest, ID 40139","ladams@hotmail.com","416.13","0"
"Danielle Copeland","Danielle","Copeland","pbkdf2:sha256:260000$WXfPi2GYgpMpKvLl$8cc47c0b0445c83580351a89e2ab5eba57bb81fdc087a5940716f41e6cfc2176","Apt 76104, 42851 Joshua Brook Apt. 034, MD 48590","pamela18@hotmail.com","350.21","1"
"Sharon Hammond","Sharon","Hammond","pbkdf2:sha256:260000$qQK9kAdFBXWxdmWS$408a4b1306df21d83867cc511b1f445f1685a98d2cf113bd0191385a5f8e3037","Apt 765, 69402 Joseph Junction, MN 94676","jocelyn03@hotmail.com","214.57","1"
"Colleen Fitzpatrick","Colleen","Fitzpatrick","pbkdf2:sha256:260000$j8rplK2EKBTZa26v$b8bdc8e86d9531843ebb2b42566f2ce6f4589d08af369d4b73a8a4c6122cefc6","Apt 004, 94568 Kelly Neck, IA 06826","wjones@hotmail.com","324.39","0"
"Erica Walters","Erica","Walters","pbkdf2:sha256:260000$zGyRd22TBuNMNtT1$d38f88191d3e201960ad11f4a6a4f72093347b607c0dd61569fec80fa98e2edc","Apt 146, 6118 Wells Ville Suite 171, NM 56407","james18@yahoo.com","316.85","0"
"Mallory Lester","Mallory","Lester","pbkdf2:sha256:260000$yZjlgE7rSwcj2HlG$b4fed2d3eb78f7dd4129a243ed31022e36bcb5463eae028e4d8fbe9d938cba55","Apt 2296, 13306 Corey Point, LA 59292","obooth@hotmail.com","371.80","1"
"Joseph Mcbride","Joseph","Mcbride","pbkdf2:sha256:260000$tAY0mxJUW0BVfcpI$638f22de13d12af13993b1f456034281c26683710b2ef6f1dfa597169aa95928","Apt 1534, 3511 Rebecca Mission, TX 26936","tracysosa@yahoo.com","114.99","0"
"Joanna Sanchez","Joanna","Sanchez","pbkdf2:sha256:260000$sq9Vp8tMaXfJFuNF$e18f78dc6d37c641292ac2b004150702e8d12fbd033e1dcfac2f34e188bcc35e","Apt 4303, 37658 Daniel Ranch, FL 74413","pachecosteven@yahoo.com","236.16","1"
"Sheila Hopkins","Sheila","Hopkins","pbkdf2:sha256:260000$x8VTSFYjKPmYzNFq$f60ed03e3cf6d853cd42028f40e3548458d301d8bcdca1f4759a118b42249a95","Apt 757, 389 Alec Squares Suite 508, KS 79483","lewisabigail@yahoo.com","46.42","1"
"Sarah Hester","Sarah","Hester","pbkdf2:sha256:260000$MxQjXnZSSQyHf6zV$4d6c46555089fd6dacc5b1e2e50699f3f028f7fcd1e68d721fb0611bac25542f","Apt 471, 013 Billy Bridge, NV 43832","yolandabraun@gmail.com","246.17","0"
"Amy Johnson","Amy","Johnson","pbkdf2:sha256:260000$0qdElHOZpnKCOL7Y$a58bd2287875f7f232ed8e5e9d99273e198f453a8045a68447d6f8b0185f30ec","Apt 758, 809 Erika Valley Apt. 634, PA 55268","bgiles@gmail.com","377.11","0"
"Robert Smith","Robert","Smith","pbkdf2:sha256:260000$tl8BKhvfT9VBZvaJ$b8893bf32dc2e90cadf6b9312e1a3b3536bbcdafd8ac4fe23f391dbb5f45a1cc","Apt 930, 248 Cook Park, KS 40190","lindsayturner@yahoo.com","166.19","1"
"Dr. Rebecca Mejia","Dr.","Rebecca","pbkdf2:sha256:260000$Pp9MvtTY8TgrAocv$3ffa3fe6054427f9c171709b1b3c9bbbca52ba27cd0bc0a31b61e1b4903b548f","Apt 0223, 500 Butler Overpass Apt. 256, RI 61617","amandarobinson@hotmail.com","414.20","0"
"Andrew Vasquez","Andrew","Vasquez","pbkdf2:sha256:260000$xIwEcU8sCzP2cXWl$2f9de23c2fc4ad2a5ca1f2f6615fbefe9109b35495b76787f84f023ee4bb0553","Apt 17200, 518 Lee Tunnel, WI 64768","gstone@yahoo.com","498.80","0"
"Joseph King","Joseph","King","pbkdf2:sha256:260000$lenXP4d3PdLClNVi$b1d03a62564364c1662f0cda5524b685c4916bfce3f7edf4f6afe289d2dd5905","Apt 795, 942 Lloyd Summit, TX 16433","johnrivas@gmail.com","86.44","1"
"Reginald Martin","Reginald","Martin","pbkdf2:sha256:260000$usey4MCR3r9TDmYr$9c671185afd39bc8652e18daf5ba3650e6a77a4dd46cc5959dafd70b389ac890","Apt 7537, 100 Scott Burg Apt. 318, NC 55565","powelljudy@hotmail.com","333.13","0"
"Matthew Hawkins","Matthew","Hawkins","pbkdf2:sha256:260000$WOsf3dbqYSUXBgDs$3ba4d307f686c809331a9893d7d9c392a4e18a3285e14a0fc4117f443f4df65e","Apt 69611, 16207 Parks Burgs Suite 541, CA 16410","edwardsryan@gmail.com","493.25","1"
"Sarah Forbes","Sarah","Forbes","pbkdf2:sha256:260000$sPfoJpV54x9jYZoB$5c61db5ee70d06264680a25866508e290d3f2f7bea5809787b78fa7b6f0fd10b","Apt 5203, 92303 Julie Hill Suite 093, FL 25010","hailey65@hotmail.com","168.75","0"
"Maria George","Maria","George","pbkdf2:sha256:260000$PnnyNJbrcUkEKC50$5c53e1722345e5a64730917613cee5687f8e2679614c9872cad4aabfa2da36a2","Apt 5420, 5744 White Common, ND 76634","danieldavidson@yahoo.com","18.41","0"
"Gloria Downs","Gloria","Downs","pbkdf2:sha256:260000$hS1tc3MQGD7s5oc4$a045e3863aac85d4843e7e727c98c8f5ffa237af96acc878af6ca608062f319d","Apt 2235, 24560 Carolyn Lock, UT 10096","youngsamantha@yahoo.com","346.87","1"
"Scott Flores","Scott","Flores","pbkdf2:sha256:260000$nHGRAYgLpMOtw8kg$e69ae2d768771a4752fe8b2ec3cb8052ef55b66a181c3673059f2344c0df0981","Apt 8629, 5137 Walsh Pines Apt. 660, VA 42531","zmcgrath@gmail.com","258.79","1"
"Zachary King","Zachary","King","pbkdf2:sha256:260000$td76qU69asSkUeKK$fc8557775ad50df0bcc2fca3d56d8c56f004f9d017a718f880898a0df694a3b6","Apt 4712, 1892 Hebert Ferry, MT 57086","morganwatkins@gmail.com","146.36","0"
"Alexandra Boyd","Alexandra","Boyd","pbkdf2:sha256:260000$SijjFc1Dc5WXhSWI$b09ddf29f4fa1cf34841211852bffbd3074c0e07aae0cf3d5cd1935254b1ce74","Apt 5825, 173 Smith Square Suite 970, ME 15503","jasoncharles@yahoo.com","214.91","0"
"Karen Floyd","Karen","Floyd","pbkdf2:sha256:260000$5NsgjGXzTqnpLQOO$7a738916784be9e5ede4dfe6869759f83a902c63447e07afe13455e2c0e082cd","Apt 7173, 0140 Jonathan Pine Suite 714, LA 99489","jennifergarcia@yahoo.com","97.57","0"
"Anthony Moreno","Anthony","Moreno","pbkdf2:sha256:260000$v6GSKL5ouhJvfHna$7e3dc147f2a9f455a83d5db81422c0accb974e55a5093b0f4d52232f5459d586","Apt 14485, 321 Callahan Haven, DC 75733","angelahall@hotmail.com","435.09","0"
"Jamie Adams","Jamie","Adams","pbkdf2:sha256:260000$VkmLFV09Vpr8q8Zo$3e37903903a4d27478dd1cb45630ae8aeb249958513ef9851b5bcb5b5e496276","Apt 8644, 9221 Patrick Ramp Suite 284, SC 62454","kristinperry@yahoo.com","242.84","0"
"Sara Lopez","Sara","Lopez","pbkdf2:sha256:260000$uWlJa9I7nEEvkmUa$3613d7947a7d48269c7e59161c4b3125c0515fe8869672f04eb9d6629cf546e8","Apt 7857, 4270 Anthony Mountains, AL 69553","susan41@hotmail.com","235.99","0"
"Mary Williams","Mary","Williams","pbkdf2:sha256:260000$0avA1gIuOfVu59bY$f23221ccd71bdfc5e183a3ba54c26a2a211ae206c5527df7fdc00cfc92017216","Apt 605, 90443 Karen Heights, CT 57388","robin93@hotmail.com","112.56","1"
"Jimmy Walker","Jimmy","Walker","pbkdf2:sha256:260000$NQMVINJXvwe8nMKj$80faacb054d196b1bc5fd078fdd5da3515676c17f3a6b74817a5f96a0f48ad4f","Apt 2566, 2852 Renee Mills, WY 51471","rrodriguez@hotmail.com","297.05","0"
"Marissa Williams","Marissa","Williams","pbkdf2:sha256:260000$4CBKqBFPLP6k0VcI$d2da6e5ad8a7e2aae64374e97ddffde5007000b29f6d7c1e26b5410a96b368e5","Apt 3373, 0312 Brown Route, HI 31049","milesantonio@gmail.com","192.60","0"
"Debra Diaz","Debra","Diaz","pbkdf2:sha256:260000$EKEJfVLt1o70b97p$35554253a218f0873a9de73bdb959e26c131d53dfbc76c11c4b54a5db07f8ecc","Apt 845, 0886 Henry Squares Suite 354, AZ 07389","barryamy@yahoo.com","32.52","1"
"Timothy Roberts","Timothy","Roberts","pbkdf2:sha256:260000$k7Yi2vzFfmpQZwgW$a5a95381167823668056902862f36d9dc989cbea2ae615015d1dd986c4146ceb","Apt 40216, 683 Lee Rest, PA 11723","diazfrank@yahoo.com","164.54","0"
"Ariana Anderson","Ariana","Anderson","pbkdf2:sha256:260000$uFtPrPi0j6g5UXL2$ba08e1525d281e4f154898e13a0fe12c5be291685e21f6583b67c460a577feed","Apt 754, 035 Jason Pine, ID 26927","tapiaalicia@hotmail.com","244.73","1"
"Heather Waller","Heather","Waller","pbkdf2:sha256:260000$4MxtQuw7PxzTjmxZ$c229a6e7c09ed6169469e2b1f3fed375f619f189047f796e050330b7ebb3249a","Apt 8647, 304 Albert Park Suite 067, NV 15983","bakermichael@yahoo.com","210.85","1"
"Rickey Henry","Rickey","Henry","pbkdf2:sha256:260000$XTLn4a9BReNQNqAA$3398a01b3c712ad6f71343106a80dc9ffc48e18597e0b80521384dd03fcbb3ba","Apt 12637, 8602 Tracy Crossroad, KY 46651","bpearson@yahoo.com","320.06","1"
"Christine James","Christine","James","pbkdf2:sha256:260000$b133XDaMR5Or5S3d$987cc9c4d2f3709e6ced4c423a62f7dd1a63ac8f3dddea5f491227a98bcbb738","Apt 84983, 8978 Nelson Brook Apt. 912, MT 33108","edward63@gmail.com","83.62","1"
"April Blake","April","Blake","pbkdf2:sha256:260000$Po9za1trCmAX2edN$635f31f0d8bbde433a51a6fa51103900f2d4407ed103050e8227037488dfa2ce","Apt 088, 16419 Hall Stravenue Suite 331, ME 88928","abigail75@gmail.com","235.19","1"
"Megan Brown","Megan","Brown","pbkdf2:sha256:260000$hZ1fum1TaLXwiele$c10f4c83e950573313a27caaa9d1e1a498c86dffe67e86261f6d04d1c92342c7","Apt 7492, 88559 Lisa Wells, FL 23669","amartin@yahoo.com","56.25","0"
"Kimberly Nelson","Kimberly","Nelson","pbkdf2:sha256:260000$gE0Bga7XtYaYbmIb$24be089259c9ca93b01264d7d3eaa2b503db46d0e296220e6edcf3b758467bd9","Apt 79332, 5992 Lester Coves, AK 69501","williamsjeffery@yahoo.com","102.23","1"
"Julie Fernandez","Julie","Fernandez","pbkdf2:sha256:260000$eZ4TW0cpda2kCPNQ$b1c4f424863f53da4acd45011c11e4c600f214c16a1b0f399ac3254d601ab1ef","Apt 4038, 778 Padilla Common, DC 79708","dli@yahoo.com","103.40","0"
"Cindy Evans","Cindy","Evans","pbkdf2:sha256:260000$SOUnYwcwsdO1TDWM$0782fe30f3f034e910d4dc61ceb16cfbc35bf91b0ccd56e8469f2a11183ae1dd","Apt 4603, 3573 Cooper Estates, AK 47209","bbrown@yahoo.com","305.01","1"
"Amanda Jones","Amanda","Jones","pbkdf2:sha256:260000$QPAjCX7zWkI7DgH7$287912f12f82ca2cca53d09ecae63746a662a465c00c18363aa85f6c896f0963","Apt 0700, 03510 Stanton Manors, IL 59347","lcollins@gmail.com","356.89","0"
"Robert Shepard","Robert","Shepard","pbkdf2:sha256:260000$7dLcC6GDjTYuCaeg$a835298976f9d0289213bb2f7f5ca3e57c907285cc4ee47abfaf134785bd4d9f","Apt 4256, 64887 Annette Crossing Suite 620, DC 82007","jeremycastro@hotmail.com","471.84","0"
"Gabriela Jones","Gabriela","Jones","pbkdf2:sha256:260000$wX9YCJKac9pOcDKW$2d5f21d807cf39d61f7f3654c1220b70d0478f58c27a055580aaadb7e78b1024","Apt 3230, 821 Pennington Rapid, RI 82883","denisepeterson@hotmail.com","185.63","0"
"Brittany Cunningham","Brittany","Cunningham","pbkdf2:sha256:260000$cwSJigzyzo73VPko$a32d593ffed404c97695552d49d6ab309043b76fd6764a9c8aa08a2426c914ed","Apt 904, 600 Davis Highway Apt. 738, GA 96904","brianna61@hotmail.com","411.30","0"
"Steven Hill","Steven","Hill","pbkdf2:sha256:260000$htdLWBWYArQrgoNd$a06b2852161bd63b3e3fd1b878406d7fd2901d53f227f9503512876814951427","Apt 7604, 708 Villa Camp Suite 616, NM 07205","upayne@hotmail.com","205.88","0"
"Jonathan Scott","Jonathan","Scott","pbkdf2:sha256:260000$KmHJUXG3ZpnAVEr8$3e6c960f13b924da2627e21d1bec2fca2308ac62e20c17779173c6ec56a66e5d","Apt 049, 388 Hughes Village Suite 319, IA 77328","smitheric@yahoo.com","65.33","1"
"Tonya Torres","Tonya","Torres","pbkdf2:sha256:260000$X1V3Bk7Eg2NHLCZi$df1715fb12bac49682892b76218bfd24d89067cbc83967867ca4dd5c08a469ab","Apt 50909, 5445 Patton Rapid, GA 00633","rodriguezbrandon@gmail.com","225.13","0"
"Whitney Burke","Whitney","Burke","pbkdf2:sha256:260000$Q1y7urn8kVtmv2Pd$d965fa02d62b955c382ee1d37cc125403a7b8d48d02c8bf60de7c8bf7a127cde","Apt 2507, 931 Ramirez Village Apt. 821, SC 21131","kellyerika@yahoo.com","291.32","0"
"Isaiah Mcmillan","Isaiah","Mcmillan","pbkdf2:sha256:260000$ZitS61uhpCMw1PLl$b92b54cf1aa6d447eac95cda003d773bf1760947269e37eb3a7e9d4cc9e04b20","Apt 4440, 448 Branch Field Suite 208, WY 87156","lauragalvan@yahoo.com","320.14","1"
"Samantha Collins","Samantha","Collins","pbkdf2:sha256:260000$nO1In74WMuEnBV12$ee129b95016608fcd23843f8670e714d66ee26eb88127f4fd55346650a1a57da","Apt 0869, 58235 Smith Street, OK 32230","pgriffin@yahoo.com","242.57","1"
"Rodney Moss","Rodney","Moss","pbkdf2:sha256:260000$xGOuZnPnIpEy3FFj$4e858ba2075c52a6259d3892adb17a8cea0d91b48b89d0addcfb17c173d7a106","Apt 1973, 132 Mclean Meadow Suite 446, WV 47184","kennethwilliams@gmail.com","219.32","1"
"Lisa Carroll","Lisa","Carroll","pbkdf2:sha256:260000$CPLq9LXRcwoGL6wE$f0d019db2d7678b924bac523600cf22cc1a2ce6f644b6b883c0648a071529153","Apt 0704, 6660 Gomez Port, OK 93626","shawnharris@gmail.com","252.19","1"
"Shannon Jones","Shannon","Jones","pbkdf2:sha256:260000$a80FNf26pqStxyqL$b9eb697e87b14171c443fcf6dfec49b9f3792cf903c0ae6c6197e730c4fcd9e6","Apt 67820, 550 James Creek, ND 62249","christopheranderson@hotmail.com","403.29","1"
"Michele Hoffman","Michele","Hoffman","pbkdf2:sha256:260000$JxxHXpQ6Sux28kv4$e10d5b8fe0cdaa5dfaf847dca92195a0b86074ff8f5b118a46ef6634adbf47f4","Apt 56246, 264 Frank Dale, NJ 92947","robertsmakayla@gmail.com","107.47","1"
"James Hill","James","Hill","pbkdf2:sha256:260000$P7wMnlHx4Ie8FTUU$fb4f777f9947a670c1c1fb7799355bff10f4f0d0c704b733d6f3bc683d1198b1","Apt 625, 82434 Graves Glen, KS 68322","millercorey@hotmail.com","384.77","1"
"Ryan Ware","Ryan","Ware","pbkdf2:sha256:260000$I0j9o7BJqXG8TBI4$d9d3796c82cdc3a72cc9b32a3a475ac9022dd9360b8b0acdcfdf9b32c35d6c71","Apt 8209, 805 James Turnpike, RI 31790","floydsamantha@hotmail.com","155.78","1"
"Rebekah Rhodes","Rebekah","Rhodes","pbkdf2:sha256:260000$HkgPrRm9cN9kyLJ5$cb8de7f97e311b2b5e0939cec3d09804a1e9f3ed848109a7c8fb488a3f283f3f","Apt 527, 185 Lisa Common, NE 80132","ojohnson@yahoo.com","36.43","0"
"Mrs. Mary Johnson","Mrs.","Mary","pbkdf2:sha256:260000$dd2GnWcf868kdXC7$7e9625c05418e459732a02f63cc6ea9c92f3815f17d01efab9004633b3486140","Apt 6851, 0220 Blackwell Fields, MT 85093","fitzpatrickmichelle@yahoo.com","176.71","1"
"Erica Carpenter","Erica","Carpenter","pbkdf2:sha256:260000$hBnJuZUKmEPZr2OV$dfbd7998a6a48971ac80ab0f8badeb078f597fa6a2d7ed091d1154ca083ee0ab","Apt 0925, 0759 Chambers Port, NH 54532","madeline93@hotmail.com","404.77","1"
"Charles Kline","Charles","Kline","pbkdf2:sha256:260000$31ChDzyPwoha5AXT$01a6d4979aa1f20716f3e0a1be69bd13f5d5aa58e73d6365d8a4e2daa7de65f9","Apt 4361, 10502 Gilbert Shoal Apt. 578, UT 65516","duranalexander@yahoo.com","186.97","0"
"Brian Jones","Brian","Jones","pbkdf2:sha256:260000$9kpza6MUxMb3pSPO$c47fcec03be674809b2b78e7e2269d4ab71151de8081984dd6f125200096c669","Apt 86408, 55170 Regina Road, LA 05324","hlowe@gmail.com","480.42","1"
"Emily Osborne","Emily","Osborne","pbkdf2:sha256:260000$zWgSMxY0Qz3U9xKv$ca9fe4fc5882e3a8b057ec0684627620ca9c3b3617fa1c8600388fc3a16dd078","Apt 2822, 39507 Williams Garden, LA 43567","kathleenanderson@hotmail.com","419.05","1"
"Denise Richard","Denise","Richard","pbkdf2:sha256:260000$MNggNg9g82iwnPIK$2eedfe2c4ea7b73b3fafce5461bd9350779135877a8a02923c0e7be6b370062e","Apt 3267, 269 Fernando Prairie Apt. 622, AK 42879","knicholson@yahoo.com","1.57","1"
"Angela Ibarra","Angela","Ibarra","pbkdf2:sha256:260000$dZF4sizusYfqgUSk$13cd94cb2c8efdb95d18fc600eeb67cfdede49489aa4ad2ba6d87191fd822849","Apt 19922, 66953 Michael Forge Suite 126, TN 46453","beverly09@gmail.com","45.77","0"
"Cameron Allen","Cameron","Allen","pbkdf2:sha256:260000$2wYQV8GWRccrAzSk$a8c420d372ba224afa322e2d39f70a25b370f4eec52d075d378d4f42d1c07ccc","Apt 3763, 76914 Dyer Landing Apt. 997, IA 36713","kylejohns@yahoo.com","313.63","0"
"Terry Escobar","Terry","Escobar","pbkdf2:sha256:260000$veoUND28x4kaATso$d6f1b062cbd134efec429f38877902782661e4b047232df4e69b0ee69b3bd6ef","Apt 1802, 66617 Martin Junctions Suite 629, LA 66503","andrewgarza@gmail.com","154.35","1"
"Meghan Jordan","Meghan","Jordan","pbkdf2:sha256:260000$7ekX978XnIr5y68E$7665ced19ea485de5a8c7d8262a65435bd0eff80d2a248c52f7981a48e98dcc5","Apt 2578, 42954 Walters Highway, NE 05075","patriciadavis@hotmail.com","293.56","0"
"Benjamin Singleton","Benjamin","Singleton","pbkdf2:sha256:260000$TS86kcpyeCz3N1ZZ$2ffcd219d79e3da12e0ec88eeb3a2362a1fb78bfb0e806ad21737c85a94e6ea2","Apt 3522, 520 Ray Mountain, SD 93663","erin00@gmail.com","110.82","0"
"Janet Hughes","Janet","Hughes","pbkdf2:sha256:260000$e8jybTlbJQMwf1aY$7a276cf1faf8b05cdb7515e33d3245a6c1c4d59e80d120e62389c711c8158ccf","Apt 822, 23082 Kelly Road, LA 94407","monicamartinez@gmail.com","163.63","0"
"Kathleen Arroyo","Kathleen","Arroyo","pbkdf2:sha256:260000$pFLH7KJgjXVOR4xm$201fcbeb35ea85f9b9b924f5744429db6ff7836d2100ab8a26f515bf0c4bc86e","Apt 4258, 268 Young Lane Suite 678, MT 53755","ryan03@hotmail.com","474.94","0"
"Stephanie Gates","Stephanie","Gates","pbkdf2:sha256:260000$oYc9STVAtSbTkywK$921c84d8b982a4ef8dbb825fbcebd005af22ee5cabd638ff9a1ce504b8b95c61","Apt 09981, 981 Barker Ridges, MS 11691","davisjill@hotmail.com","275.43","1"
"Travis Taylor","Travis","Taylor","pbkdf2:sha256:260000$kpGAlaIcsI7WGpU6$e3f77cb317cb75124d7fa455d20077e5763cba0255c9fb4b3f69c715a68d7e2a","Apt 57517, 473 Anna Views Apt. 820, SD 22365","brooksjohn@hotmail.com","490.35","1"
"Ashley Wallace","Ashley","Wallace","pbkdf2:sha256:260000$qJitpKMw2xzyY4t8$5a52d6fffcc721b906d53bf00c209d31862fc274368c270943d378eeeabd7332","Apt 6409, 2790 Noble Corners, OR 53609","wheelerrobert@yahoo.com","447.54","0"
"Melinda Rodriguez","Melinda","Rodriguez","pbkdf2:sha256:260000$mhzZ9p2KGrIq6dHq$ca2db6246fc701a4b1addfd205a8a4ff919ef72079a086cc6a444b5131a9ca8d","Apt 707, 8786 Baker Forks, MN 21412","rogerreese@yahoo.com","142.72","0"
"Jamie King","Jamie","King","pbkdf2:sha256:260000$E5gtlRTMYy9O7qCw$76b02dc4a2098e0fe1153080fd2676c557014a38ba298d1b84f3fb66313ec719","Apt 1176, 147 Lisa Hill Apt. 512, AR 87735","shahbrian@gmail.com","367.29","0"
"Jennifer Conway","Jennifer","Conway","pbkdf2:sha256:260000$R04YkGDU3VxQwHnC$5c7f2241419c1ca8d9d76245ab6b0da85ab07a2de3df0fb54456c158c6a870dc","Apt 06897, 8551 John Parks, ME 36474","wheelermariah@gmail.com","105.03","1"
"Ashley Savage","Ashley","Savage","pbkdf2:sha256:260000$qLbd3L38vka5AFHN$cfc9ac0685e4d9079518af85a36941bff7041233a6ef112c431514b25dab58d5","Apt 5851, 9635 Valencia Drive, LA 26625","ibright@yahoo.com","390.63","1"
"Kimberly Gonzalez","Kimberly","Gonzalez","pbkdf2:sha256:260000$7mcp12VR7MoVpEF7$82178aac4db528d2c6cc1bf1d9784bdaf3ba6e6150c9712ee827f41f68e2a159","Apt 6921, 8735 Reynolds Knolls Suite 417, LA 16311","hicksgeorge@gmail.com","492.61","0"
"Tyrone Ortiz","Tyrone","Ortiz","pbkdf2:sha256:260000$yKJM5xG4QyfN3qwO$45300b0eaa855ba8bfa615ca9df6b78227d27e909402aee47f187f0c8e516007","Apt 3257, 66787 Emma Parkway, NM 30995","michele73@yahoo.com","310.37","1"
"Bradley Fitzgerald","Bradley","Fitzgerald","pbkdf2:sha256:260000$uCnQ9jZpk8yvJ9mB$8436c17f2149ef198e161d352aef2f132fe0bd2896f2d5dcc79c4c1fd44424cf","Apt 75636, 061 Gonzalez Islands, DE 24201","michaelharmon@hotmail.com","245.78","0"
"Brenda Arroyo","Brenda","Arroyo","pbkdf2:sha256:260000$fZqvRdemqYx99xZx$b71f4ebc7d7dd08ba58baca591e3d873d613e59d41dc0efaadf7646b4506910a","Apt 00680, 99317 Melanie Pike, RI 54922","mfernandez@hotmail.com","350.51","0"
"Richard Michael","Richard","Michael","pbkdf2:sha256:260000$EKGZg7OHAcbIWZAZ$8e110dbc356579667bb52b5976f3c4ec6ea687f6ac4481949749055214693351","Apt 36670, 60940 Padilla Views Suite 729, CO 33494","mollyholland@gmail.com","90.32","0"
"Claudia Choi","Claudia","Choi","pbkdf2:sha256:260000$qik9YzwrG0Xie8gJ$5a7b4b0fab81091dabf00e327b74aaf37637d76f3c0d2cd0e4c9fce8956763e8","Apt 0292, 95368 Anita Square Suite 187, HI 60125","christinafranklin@gmail.com","37.35","0"
"Brent Flowers","Brent","Flowers","pbkdf2:sha256:260000$0oOY4wDypvuvou4e$34cc8e38611abafadac12447b518744953e47689a9927e6e087a09bdfe6f2052","Apt 4619, 73576 Sergio Avenue Suite 736, KS 63052","benjamin09@hotmail.com","401.27","1"
"Sheryl Hodges","Sheryl","Hodges","pbkdf2:sha256:260000$dFkLnR2vxOKJHubZ$c926838834c76d28ab70025eb50abd3847e83fe6d031750ed18089081c856ec1","Apt 74579, 134 Sophia Drives, AZ 44336","odawson@hotmail.com","358.51","0"
"Casey Jones","Casey","Jones","pbkdf2:sha256:260000$IlcHNnk5PG6t0W4v$ec4afb62d4508ba124be92ff29277f2044c36ecbc2a1d464b465058383bf302a","Apt 3673, 0583 White Plains, PA 76875","mmurphy@gmail.com","218.21","0"
"Nicole Christensen","Nicole","Christensen","pbkdf2:sha256:260000$bliTR4xfLy4GE8PK$7d474c03653f825d988c5da472c147d8eaa5a903e098093f63659a951b641b86","Apt 979, 703 Stein Ville, OH 96327","tnorris@gmail.com","203.16","1"
