"SL1BM1","400"
"UG11RK","374"
"SG9JX2","499"
"6Q8L2Y","490"
"3EK0RY","319"
"M2X1M2","308"
"WW4BVY","487"
"4J65CZ","443"
"01D3KX","301"
"4JHKUU","389"
"HFAI41","436"
"RRZU80","319"
"W42M9R","455"
"4JLRBK","437"
"G3YY5W","346"
"GCX6CM","373"
"YPBA9X","408"
"VGTG4C","354"
"E3FIAW","303"
"ZA7T45","408"
"S18PPK","396"
"CGMTL4","318"
"8CJIGN","341"
"87JTQL","352"
"6RK1XN","423"
"ZZ0FAP","462"
"FMZ1O9","338"
"RHDXZ4","480"
"3QOPI2","308"
"JFR69X","497"
"8WSA4E","486"
"V7PEK5","484"
"BHO11X","489"
"2CY3HW","464"
"NZCQAY","483"
"D7GGWC","451"
"QZQDK3","488"
"JLIQ5B","413"
"4FCYBK","421"
"N5QNMB","468"
"5BYPAJ","459"
"NPBNC0","462"
"1VM4EG","486"
"B4R62H","481"
"QC7VMY","457"
"ZCQT64","447"
"SQDVP7","394"
"NTCAAX","473"
"MGA6S3","382"
"RHXMDY","478"
"MLZGLJ","360"
"VOOQSV","390"
"MI1W8P","375"
"KLB0HG","318"
"LK3EXU","424"
"OOJOTU","328"
"VSHEQE","383"
"FQRYE2","438"
"A5TJOF","423"
"NCUX6X","446"
"1CTQBK","359"
"VHNS8K","388"
"D4FW5I","467"
"0Y70DY","408"
"7PG46I","425"
"F3T9AI","378"
"H3J6N5","438"
"U8OPRZ","391"
"NZ7F6X","477"
"43JNDW","350"
"TMLAOW","392"
"YYAQ7I","462"
"VQD7CI","478"
"I2P1LM","465"
"AB0SMG","317"
"T4PER2","346"
"J60ZXX","409"
"Q083GP","352"
"R63KQ9","397"
"WQSVIL","348"
"V074OX","340"
"0L6EES","323"
"UNQAGL","487"
"0BWKD3","371"
"MLM31M","303"
"1H8UBU","306"
"43SBOU","391"
"1E2ORJ","334"
"FFJ4KU","383"
"AUHF3L","350"
"060NRN","380"
"S69PPZ","310"
"SOSY3H","315"
"9ZJA01","419"
"BP1TAN","364"
"YKLCSN","485"
"NFARXJ","317"
"M0Y6YE","396"
"HVKP12","448"
"2HUZTL","438"
"NIGMQZ","395"
"4Z40AM","422"
"2AGZHW","410"
"RZCV0C","343"
"3SIPKD","445"
"67P2R2","472"
"MRU2TT","403"
"797RH8","465"
"HTW9IZ","325"
"1AVYE5","324"
"17S4JJ","317"
"U5VZB8","357"
"HVUM9I","342"
"TT732Y","434"
"K96ZTO","451"
"0PHDPT","437"
"LL8JO9","434"
"W7VM3V","472"
"6D474E","348"
"BFMTCQ","365"
"BN6EIO","472"
"9SYMX1","431"
"X0V96I","499"
"DJBYZF","315"
"414OTE","412"
"XBKKKA","408"
"39TZT1","470"
"69AWOJ","490"
"TIQI9Z","454"
"R4AECX","439"
"28RM80","453"
"GIA5K1","445"
"QCU5PE","379"
"B05K8I","415"
"WRKO55","484"
"ZJIX6O","416"
"WVQK0P","456"
"WOCJXR","319"
"FXZA5B","403"
"UU803S","472"
"NAAKH4","448"
"XY29VK","438"
"0NYOMG","471"
"8UYLL2","460"
"3LDKSA","311"
"FZQE3Q","337"
"M4L07E","424"
"XD3DO2","384"
"AOEMT6","485"
"EJHFXA","399"
"0CMBMT","406"
"5QP0LK","348"
"3T8V3P","345"
"P7XJ73","429"
"IUH39P","327"
"2GMWE1","339"
"KD8TSX","442"
"NMMPFZ","392"
"74TIDF","412"
"N0S6P5","394"
"5GCGYX","423"
"BTOJ5U","436"
"EK9DTN","433"
"DTQ225","475"
"2C6NFQ","365"
"BPV5SD","439"
"EN9DIA","300"
"WTYW75","423"
"PTJ59O","439"
"XT9915","315"
"YZYVWD","484"
"7H9OK6","426"
"1STS0S","366"
"ENIUJL","466"
"6ALQ7R","323"
"T7L869","325"
"HSAKSE","376"
"F7JK0K","464"
"QQYEZW","459"
"7SIOIM","320"
"OHN6OB","306"
"G8OL0F","345"
"EA2W1H","437"
"B9XQZH","456"
"YOUKXO","424"
"1VO44J","394"
"TJNV0M","461"
"4CP21X","375"
"55Q3CZ","471"
"LUKK1B","335"
"TRZEQR","418"
"7K4C6T","412"
"DYYH61","456"
"E3PZBP","484"
"9YDSHP","348"
"UI43LY","465"
"VF0ATB","449"
"2DZL6C","411"
"0RBGD1","332"
"Z2J4SB","455"
"CAOJGK","306"
"OWAZWX","409"
"PVPZNO","438"
"NYXAD2","389"
"YVG5IO","336"
"49UD08","309"
"C4F5SZ","429"
"F4G2IV","454"
"Q0S5E4","452"
"ZTYUJI","339"
"TIGROF","348"
"9XXTDV","492"
"V1Y27I","472"
"Z150NA","343"
"H1VKOP","352"
"X2YBD4","410"
"SKTRBY","491"
"Y8JNWA","378"
"9D0Z77","498"
"YXBRGW","328"
"OSRE88","311"
"EQZSOJ","354"
"29RWWI","332"
"UUCDVN","358"
"T6UHTK","464"
"VRWHQV","462"
"8HPEQ6","439"
"6AQES9","497"
"22OVSK","481"
"VDW4GV","434"
"0610Y2","364"
"GQE4C6","441"
"DNDS67","346"
"TBBKTC","441"
"CP1QCQ","360"
"I5IRJ9","416"
"FNZPXR","353"
"2PQBTL","306"
"J0VFZ2","315"
"FP1RML","494"
"J0R6GI","480"
"MT5N25","356"
"WF744L","476"
"PK8H9I","435"
"V3LL1S","499"
"9K7L9V","486"
"KG3NQ3","444"
"XGI3G1","436"
"BBBTSG","431"
"EOWDYY","333"
"YVFDE2","464"
"EVPXXK","416"
"HDJ5FU","374"
"7QF4YM","415"
"5XK9QD","371"
"AN1CF5","385"
"4Z6N94","362"
"XBOHYK","321"
"USOLSE","303"
"L1JBC9","434"
"HDG34F","477"
"84ZJ1X","440"
"44SIHC","439"
"IBI4R7","395"
"PLT5VK","445"
"JS5EMX","341"
"MG248S","488"
"U1SJIH","361"
"JICQUD","497"
"9PC3M2","405"
"KM8SH5","314"
"W3F3MF","310"
"LW11GF","396"
"WB423T","408"
"UBELM4","492"
"MITYTS","426"
"I8GOZ1","354"
"D7Y52Q","401"
"2Z6ZDJ","416"
"4Y054L","452"
"FK3WUG","391"
"SSCCB2","340"
"WHBOJJ","406"
"QCOW0Z","487"
"MYC7FY","398"
"G7QD08","403"
"QV0XIZ","422"
"PYEIQB","320"
"H13OXY","348"
"043QM5","411"
"GK3QAC","398"
"UKNKWA","353"
"XU2GVI","327"
"T73V12","301"
"T8GL58","376"
"I48ZMX","458"
"I0DJBN","431"
"VC5AD4","417"
"1KWQGD","436"
"51ZADV","423"
"J6UBV8","445"
"L7DOHX","496"
"2EUNVI","411"
"GGMNLY","352"
"FTOOR4","454"
"BNTCUA","309"
"TOEEQB","387"
"4R6E5I","419"
"WDV52N","347"
"SS188Z","325"
"5F1BZU","422"
"6H1E9Y","456"
"UM9AVW","366"
"IFZH16","312"
"VC9WS2","487"
"019DP1","446"
"6PDUIK","339"
"4G2ZB8","387"
"O5ESE4","477"
"JLZN0F","455"
"JUSGRN","345"
"WWS9YR","473"
"ME7PP4","355"
"7TD3JG","397"
"L4RSNL","356"
"QDZGQ3","418"
"P7Y1X9","467"
"AZUZ8Y","466"
"GYVWL3","343"
"YESA6L","433"
"TNM1LN","346"
"VY7FG2","314"
"JZHK3I","429"
"7WIFJY","326"
"MNHN0M","420"
"2GWN0N","300"
"27PRCM","465"
"PM7LOI","426"
"1NE80Q","350"
"O61RQO","315"
"IRGKGV","461"
"YUVDYT","426"
"TCQPAO","396"
"XYKNIX","314"
"R0A38S","469"
"IZ4QJD","399"
"02TWL0","337"
"ORYW1Q","470"
"M2GW6K","375"
"BTJQJS","319"
"HLQONF","430"
"ZM04AY","376"
"ZNK76B","455"
"9VC7LY","314"
"QC24U5","439"
"SAOTQB","409"
"Y0TQCH","327"
"XJ879R","397"
"1CL1V9","404"
"IR0XBI","316"
"7TS8JU","317"
"NCRO8P","400"
"S0NF1J","357"
"5PH9UG","423"
"122N49","392"
"LTYYPG","359"
"3JRZ1V","397"
"XHFP0A","362"
"5XFBI7","335"
"SO35Z8","387"
"OX1RL8","458"
"UT0WE7","421"
"YG06YZ","385"
"KL8VVR","319"
"0HAJSR","363"
"8TDNJU","482"
"9EGQL4","416"
"RZTQ7U","462"
"Y4N5AU","462"
"Q0B1PF","486"
"C0AV2L","441"
"9KRIFD","311"
"KYTOWH","365"
"S1KV9J","367"
"NR44FC","389"
"XWWOEX","316"
"K0W5SZ","337"
"K1QIID","396"
"9N024P","308"
"GWB1AW","421"
"PP93M1","318"
"8WJP3Z","471"
"7JYO9G","424"
"1TRW2L","333"
"IYBFKG","362"
"W4F6RB","455"
"YP04QN","379"
"DRFH4T","321"
"DEK64V","389"
"MEOAHV","451"
"S4DBZZ","427"
"BIKQ0T","323"
"S575QA","381"
"XTNUPZ","301"
"JEQYT3","494"
"QV7JEO","424"
"DYYHLG","412"
"P9NPXT","482"
"D5KZW4","494"
"6P4G4U","300"
"DXVUDV","422"
"PQH9MS","444"
"QXI3H8","500"
"RYPYVS","475"
"1FRCPT","424"
"Q5PBT3","406"
"HPNTGM","433"
"CE7L9V","430"
"B5DAZO","404"
"0T9Y5W","334"
"KS3CZQ","387"
"9K0EJF","396"
"XSJC7H","400"
"5G77BV","425"
"6VG2CD","486"
"391346","384"
"23OY1A","318"
"7XFA1P","479"
"JH507D","444"
"0O96PW","347"
"LYXNS1","449"
"6LHXVE","495"
"KE19HB","421"
"HF3HIN","396"
"YBH6DJ","437"
"QM4O90","490"
"TMKY0U","471"
"S9KD3S","390"
"ZEAEIQ","332"
"JZTNBI","423"
"E67V9C","442"
"XBJOU4","381"
"CY2V1V","427"
"GQPYJE","327"
"3KIGU8","472"
"ATNVXR","329"
"HCKTTG","329"
"08UMQZ","442"
"R34I8F","481"
"D12M1X","324"
"XTYS9X","484"
"E4QKRJ","334"
"RH6E6M","377"
"GIUGYC","369"
"P1OPQF","380"
"B7CYP4","334"
"6UNAA9","419"
"W81WL0","302"
"QIGWTI","496"
"RACUVQ","427"
"W9Q0PS","358"
"NKBJ0U","375"
"6D1DO0","474"
"KXFF1H","486"
"MK15C7","366"
"LTRRXU","353"
"PBURAL","447"
"537VL0","345"
"HMHEHY","306"
"WD1I3D","375"
"FEK2RP","483"
"DOPP85","474"
"BWP8MX","438"
"4REVDC","307"
"C82ZV5","322"
"FZRHGK","327"
"0IMI4J","410"
"EG6ZJ4","390"
"LRILN3","321"
"AK7U04","414"
"EN1M8H","418"
"VX8694","458"
"O5K3M3","476"
"YPPYSS","439"
"L0TYPM","448"
"ZVV546","442"
"RA6OUJ","448"
"O8CT2E","416"
"4M0RKA","446"
"YFJMSG","339"
"EOM615","426"
"04AYRM","370"
"IR9AQT","412"
"BMVDTJ","364"
"WYUY4I","337"
"PHFNQR","475"
"XV003Y","309"
"FKEYJP","340"
"EY3ZQ6","361"
"8RLB0R","357"
"AV84QX","313"
"1RFTUN","300"
"BOSU7P","491"
"UT5QOX","479"
"L0BQTU","352"
"L7T9U4","495"
"ITPU19","484"
"2JDSAH","462"
"930Z3T","359"
"J3AGVC","302"
"04D45S","492"
"3F7Y0L","300"
"YTGWAR","355"
"L1KOPT","319"
"P0JX3C","316"
"LPNLYX","362"
"O4IN4B","342"
"7SVF6J","482"
"ZK716Q","354"
"5DYFWP","418"
"NVU0FW","302"
"L7C92P","364"
"EQBDPG","413"
"CX7AFA","392"
"0EBJVM","442"
"9ZDABF","453"
"IRNOJT","464"
"VPMJRR","483"
"SI592S","401"
"2FBQKL","436"
"PF8B4S","463"
"N2ETQ0","421"
"8M9R6Z","473"
"6QQK12","312"
"821DYS","312"
"KFACTR","467"
"LWS9RD","304"
"J7FNL2","307"
"D3DM7A","332"
"H7Z3ZO","415"
"B33SXT","343"
"20WRDD","304"
"E9CZU8","479"
"565W0Q","313"
"FK3IEA","481"
"SSA9C4","321"
"Y8AG0X","394"
"FR1L6H","343"
"YQP4KJ","484"
"7YGMJC","361"
"FK0DZO","446"
"AHTPBE","364"
"F1QKN0","406"
"NCNMYD","369"
"DP695B","310"
"EFVJEW","480"
"5GCM1J","468"
"URI1NF","391"
"C4GHCR","351"
"DZTXAO","434"
"PWOXI6","491"
"N9W4VY","391"
"U8Q081","473"
"PI9UG6","419"
"E2LBGN","418"
"7L196K","450"
"3Q32M5","469"
"G1KL2U","467"
"0F29WN","472"
"88D0XK","462"
"JOPZ36","446"
"GD5FDO","439"
"1GW81O","419"
"5UKH25","412"
"J9H0I9","389"
"TERW83","378"
"UPUS3L","437"
"CGGFUR","366"
"K5BSYK","468"
"81PPFE","329"
"O9SS38","349"
"O4PPUX","379"
"SE3F85","397"
"O4GNBG","422"
"QJSLKQ","474"
"I9Y6CF","384"
"NAATDG","474"
"OMDS48","432"
"4BLTBM","383"
"THF99H","427"
"401GUJ","486"
"5SR3QE","322"
"VJO5A0","484"
"V2QI3I","404"
"IHG6V4","418"
"ACNV58","412"
"Q5CDVT","418"
"YLRPKU","457"
"2Y9FGN","343"
"MCQCUT","459"
"NS5GVG","465"
"4222Q0","333"
"OEFNT8","325"
"4FR563","435"
"KP2MDT","356"
"19CEB1","323"
"LDGJWB","342"
"9I88KR","342"
"96JUUX","417"
"MAKOWB","388"
"WL3Y3Z","495"
"JW9LC8","349"
"DD6I83","477"
"MM80EC","442"
"7A0088","439"
"ISNOWV","489"
"8IV8E0","377"
"F65XW9","346"
"6128IP","444"
"RQFZJL","471"
"B0EBDG","340"
"WZFOJD","391"
"D8200D","314"
"I5MZ39","312"
"ILHCFD","362"
"DN27FX","420"
"1NCD8E","356"
"Z76C9B","386"
"J8MXSM","446"
"88LCSZ","483"
"EKUF28","368"
"8AM43G","387"
"7RU5N4","306"
"NW8OPS","401"
"O3SEW1","443"
"HEFY1C","346"
"Y3VA90","353"
"M5ALWM","496"
"I5QZ5T","322"
"O6D5KZ","438"
"4VZA1A","418"
"P1ULRU","382"
"24GYKM","310"
"5XCY2I","302"
"QS2ZHV","406"
"VZLJ39","364"
"LMOCEK","338"
"BNNSMC","456"
"LSXQN7","360"
"LUKRRS","300"
"3KV0DJ","483"
"O3I63H","468"
"LQBVMU","353"
"NU1BM5","482"
"6XJCRC","333"
"KUHXSA","473"
"AWHD68","436"
"QWQUCZ","397"
"IYGFI0","466"
"1JSGPZ","376"
"T2OMLH","381"
"ABM2JS","480"
"CD9G68","475"
"6WOW66","385"
"93B5NO","388"
"9OVKVA","361"
"QY5QO7","320"
"8MHUCA","424"
"2A7VK1","312"
"C0XR61","490"
"69DXSH","385"
"SF7B13","416"
"8EBURL","453"
"AO34CX","465"
"MIA8CR","328"
"DXC5BW","373"
"KKZG8G","412"
"2SUT7N","312"
"0XL6BG","307"
"WZ10V6","482"
"QDY1YY","421"
"N2KR3P","337"
"10IJWD","326"
"8EG3QI","359"
"N9SL3V","493"
"TE8G5I","443"
"OTWUDB","304"
"PBR7QW","402"
"UM5ZPC","482"
"0S8X52","479"
"U59FHL","473"
"5U23LC","332"
"PYHEJL","353"
"NPK9JT","384"
"PPWVZV","377"
"H5HLDN","491"
"17LM7H","468"
"VHFKQO","497"
"0HQ7P3","371"
"JFKPOS","402"
"GVN72S","368"
"4J3KYQ","376"
"84G910","398"
"JNQRVI","397"
"KFDKHX","400"
"IBKWIA","371"
"12XVOY","343"
"ATN40J","373"
"L9XF8T","460"
"V24VXE","454"
"V47Y1M","435"
"VCRTP9","412"
"6FAWD6","399"
"F4YUJE","473"
"9SAB0H","442"
"8R94X9","315"
"6T0DO4","368"
"N3NSU8","330"
"7KHFT0","346"
"2P4JCB","473"
"JVWYN4","460"
"4JINAR","305"
"ESE0AC","343"
"8DT0IG","410"
"G4O3N3","485"
"1592U9","427"
"GQNB0N","324"
"N1AAXD","397"
"FPO0FJ","474"
"0K1OPF","408"
"QCAX4H","344"
"YF1TF3","492"
"9GEHEH","462"
"J47F4A","363"
"EOJ13A","384"
"JEYPDQ","419"
"VLOTAW","447"
"49L7YC","431"
"NNHINV","302"
"8VSTTT","462"
"1JFVPJ","404"
"F9RVWW","393"
"ZIYGZJ","437"
"WJKHYO","404"
"ZLRW6R","308"
"70RPBI","392"
"SQ3ILO","343"
"BS3US3","326"
"AW31ZP","468"
"SGI591","401"
"946EEU","342"
"9SOKPE","358"
"MLMWA2","496"
"Z45KGU","377"
"L1H7FO","323"
"C6MGVU","331"
"25XVRO","330"
"47T8ZQ","310"
"LXBHY7","394"
"I9BAJ7","358"
"IFMI7J","304"
"TNZZWQ","423"
"RDM9PB","430"
"R1CQC4","430"
"E5RTB5","367"
"CWHDGA","391"
"YUAOG2","458"
"4YCV6X","300"
"YUOO1Y","463"
"BKVLRL","303"
"C878B8","379"
"6Z5JI9","391"
"EODMFO","362"
"CGMXMY","394"
"2AT58J","320"
"IXXEYR","459"
"44MI51","356"
"V25NCV","457"
"9ADUX0","325"
"HBT00C","360"
"GENKJZ","435"
"I1YMAE","458"
"1UNKM9","417"
"S2VORD","429"
"2FJ1WA","449"
"WGJOJZ","432"
"3PGURL","400"
"1M6UO4","300"
"MLT8CO","463"
"H5H27B","439"
"5TJD7U","449"
"82NGU3","350"
"B9YL1Q","365"
"IXFANY","420"
"OD22ST","397"
"FVF4R6","387"
"RREPQ0","492"
"SB6GON","471"
"5FOYJV","319"
"FDNVQ5","430"
"MT40R2","387"
"DINLJI","435"
"OF9RUK","310"
"9Y3Z90","349"
"NI3YTD","402"
"8TUVX7","431"
"2NV9CZ","464"
"7P78CS","313"
"CZNA5U","475"
"I8ZJW1","416"
"G97524","379"
"PVD6WM","455"
"6R8CIT","355"
"KSOH5M","429"
"RDST59","445"
"R04NAR","319"
"TXBNSN","318"
"DKMKO7","452"
"AHDFEK","438"
"LBEC8I","328"
"1T5YZG","448"
"Y99KEP","388"
"AAX9Z4","372"
"AHKDBX","372"
"P6CH45","368"
"FOMOA9","383"
"IMDJIQ","356"
"DURTTW","333"
"Y0VYMD","454"
"MA5ETT","353"
"VJQ2NA","472"
"TCOWFS","309"
"DI0J3G","345"
"GEQ4P7","428"
"XPU5T8","456"
"VRO9OI","386"
"Y62I5D","498"
"LVFTZ0","328"
"OL3HP1","440"
"OC5L0K","421"
"EOCTCX","491"
"DHVF1M","315"
"Q2BDFJ","346"
"BHFKEL","462"
"1BHEPA","493"
"CJTPPA","363"
"672MDA","310"
"GPD3KM","459"
"8COKJ5","443"
"WFYJBQ","333"
"90YIGP","395"
"66N2CH","313"
"NRH3XQ","463"
"0D73Q4","399"
"QX9ENH","460"
"53POSY","344"
"5RARPG","388"
"V62QIG","450"
"YG30G1","465"
"71T71T","441"
"MPWYST","380"
"K6Q5QD","310"
"OEZV5C","441"
"QVDKBA","303"
"WWO0D9","499"
"TQ0L1X","474"
"DFUGZM","423"
"24R715","424"
"ZK3NSG","313"
"RSYXFT","367"
"D3T5EC","329"
"U1Q3W8","395"
"058TN4","460"
"A48FC2","365"
"HY876A","449"
"5MAKJR","452"
"ZQPBEB","347"
"TW5C80","329"
"FKREOZ","454"
"UNGR3H","378"
"UU91XT","326"
"OXPLIJ","467"
"2LJI77","472"
"X761E0","340"
"CDQT0G","494"
"I7MTVG","481"
"ST4Y17","498"
"B0JRV7","376"
"XHLQ2R","347"
"2YYT9N","498"
"FEI3GF","476"
"KV7SBA","478"
"PJAG7Z","404"
"NBWEZ1","352"
"NXV0DW","483"
"H383PY","398"
"TZ6SY5","454"
"3MVYEQ","303"
"OH98CG","342"
"QVXEAK","379"
"X1M6FK","477"
"0YN97C","348"
"7R5BNG","381"
"DOS0HU","302"
"OE7SC4","456"
"QKNRO8","370"
"C7FG95","301"
"I887CW","495"
"O5I0D5","493"
"H26O44","474"
"NS0JGA","466"
"CC16ZO","372"
"NEAE4I","360"
"ST98B8","316"
"J4G9ZE","419"
"FCT49X","336"
"J5B0LN","325"
"ELVEN8","317"
"WGSUC9","426"
"TFM8F1","335"
"QBQ1VR","481"
"EQMFSV","422"
"GBGY4Z","393"
"U98QCW","453"
"KP961Q","461"
"YB0QN3","390"
"J54AGW","385"
"P8XKFB","359"
"LRCEMT","363"
"5O5RNU","428"
"TAY7VB","319"
"6SSU44","427"
"W6FRW9","354"
"IRH4VT","376"
"WMU7ZT","383"
"EKFLTE","493"
"MPRM62","404"
"8DVGO2","362"
"Y588J1","463"
"8SSQ0G","447"
"CFD14G","343"
"TSR32H","453"
"C4Z78Z","369"
"TA3AZ5","418"
"A2EB9V","475"
"9ITRN8","429"
"TMTXWL","364"
"P1ZYHS","489"
"AT0DUS","352"
"YL987A","360"
"62IA2M","500"
"AZLK49","453"
"QT0VNX","319"
"0KK3Z2","448"
"AEXNOU","453"
"FRQYIT","480"
"MBLCVW","425"
"Q56XXP","447"
"N1KKBA","373"
"2EX6D5","324"
"VQPPYT","405"
"Z0S5CT","417"
"YQ7EM3","383"
"ZBWSXZ","434"
"JZUTT0","455"
"4AZY01","362"
"0O5RIH","335"
"LD0O3F","327"
"1IH87O","478"
"U2OAID","479"
"W2I2X3","386"
"H3BSCL","328"
"BTXYKA","425"
"S2WMDH","471"
"UZMSP0","460"
"ACKS38","374"
"U3CRRY","339"
"KJBAAQ","364"
"6PPYDU","438"
"ZWMVIP","383"
"HERPPM","333"
"MN88Q3","376"
"0SE9R3","445"
"PCTIXT","500"
"EF7E6Y","356"
"7FBLCI","301"
"25OEL0","411"
"8H9QEC","348"
"TTU7UW","470"
"NYOBZR","305"
"495OYH","467"
"HWTPFK","320"
"8NQZE0","427"
"UE8WBK","366"
"5YAWJA","406"
"TK1Y99","316"
"JLDNMA","437"
"JY59XX","419"
"HINAMA","460"
"NGGHOP","437"
